{"cameraMode":{"drawMode":0,"name":"Shaded","section":"Shading Mode"},"sceneLighting":true,"audioPlay":false,"sceneViewState":{"showFog":true,"showMaterialUpdate":false,"showSkybox":true,"showFlares":true,"showImageEffects":true,"showParticleSystems":true},"in2DMode":false,"pivot":{"x":3.512295961380005,"y":1.3055450916290284,"z":10.78561782836914},"rotation":{"x":0.1140345111489296,"y":-0.022670472040772439,"z":0.002615896752104163,"w":0.9932376146316528},"size":2.3392789363861086,"orthographic":false}