{"cameraMode":{"drawMode":0,"name":"Shaded","section":"Shading Mode"},"sceneLighting":true,"audioPlay":false,"sceneViewState":{"showFog":true,"showMaterialUpdate":false,"showSkybox":true,"showFlares":true,"showImageEffects":true,"showParticleSystems":true},"in2DMode":false,"pivot":{"x":-1.9526513814926148,"y":0.6387847661972046,"z":10.104775428771973},"rotation":{"x":-0.3283088207244873,"y":0.0005693496786989272,"z":-0.0002459240786265582,"w":-0.9446113109588623},"size":5.6265363693237309,"orthographic":false}