{"cameraMode":{"drawMode":0,"name":"Shaded","section":"Shading Mode"},"sceneLighting":false,"audioPlay":false,"sceneViewState":{"showFog":true,"showMaterialUpdate":false,"showSkybox":false,"showFlares":true,"showImageEffects":true,"showParticleSystems":true},"in2DMode":false,"pivot":{"x":-1.1896387338638306,"y":2.126415491104126,"z":1.8396646976470948},"rotation":{"x":-0.45433923602104189,"y":-0.10928797721862793,"z":0.05633572116494179,"w":-0.8823878169059753},"size":10.780055046081543,"orthographic":false}