{"cameraMode":{"drawMode":0,"name":"Shaded","section":"Shading Mode"},"sceneLighting":false,"audioPlay":false,"sceneViewState":{"showFog":true,"showMaterialUpdate":false,"showSkybox":false,"showFlares":true,"showImageEffects":true,"showParticleSystems":true},"in2DMode":false,"pivot":{"x":-5.06036901473999,"y":1.465795636177063,"z":10.112586975097657},"rotation":{"x":0.2707952857017517,"y":0.015931032598018647,"z":-0.004017625004053116,"w":0.9626451134681702},"size":2.7731130123138429,"orthographic":false}